unit_key,npz_path,K,loss_mse,mse_neuron_mean,mse_neuron_median
20221004_104619.0,/home/jingyi.xu/ALM/results/stage1/kd95/psth_20221004_104619.0.npz,100,0.3549383878707886,0.35493841767311096,0.290743350982666
20221004_104619.41,/home/jingyi.xu/ALM/results/stage1/kd95/psth_20221004_104619.41.npz,100,0.36122602224349976,0.36122599244117737,0.3542795479297638
