{
  "animal": "kd95",
  "epoch": 200000,
  "elapsed_sec": 79775.21782064438,
  "train": {
    "total": 0.002365022897720337,
    "psth": 0.002283783107995987,
    "type": 0.008123978972434998
  },
  "eval": {
    "psth": 0.0022838485985994337,
    "type": 0.00811937928199768,
    "total": 0.002365042418241501
  },
  "best_eval_total": 0.002364795282483101,
  "lambda_celltype": 0.01,
  "noise_std": 0.005,
  "noise_std_eval": 0.0,
  "n_obs": 200,
  "n_exc_virtual": 800,
  "n_total": 1000,
  "D_in": 6
}