unit_key,npz_path,K,loss_mse,mse_neuron_mean,mse_neuron_median
20221004_104619.0,/home/jingyi.xu/ALM/results/stage1/kd95/psth_20221004_104619.0.npz,100,0.002151463646441698,0.002151463646441698,0.001305488869547844
20221004_104619.41,/home/jingyi.xu/ALM/results/stage1/kd95/psth_20221004_104619.41.npz,100,0.0018768154550343752,0.001876815571449697,0.0012016090331599116
