unit_key,npz_path,K,loss_mse,mse_neuron_mean,mse_neuron_median
20221004_104619.0,/home/jingyi.xu/ALM/results/stage1/kd95/psth_20221004_104619.0.npz,100,0.0692705512046814,0.069270558655262,0.04616750776767731
20221004_104619.41,/home/jingyi.xu/ALM/results/stage1/kd95/psth_20221004_104619.41.npz,100,0.061828866600990295,0.061828870326280594,0.045146673917770386
