{
  "animal": "kd95",
  "epoch": 100000,
  "elapsed_sec": 40844.49499797821,
  "train": {
    "total": 0.0037973812222480774,
    "psth": 0.0027082161605358123,
    "type": 0.010891650319099427
  },
  "eval": {
    "psth": 0.0027081894874572752,
    "type": 0.010889027118682861,
    "total": 0.0037970922887325285
  },
  "best_eval_total": 0.003797019124031067,
  "lambda_celltype": 0.1,
  "noise_std": 0.03,
  "noise_std_eval": 0.0,
  "n_obs": 200,
  "n_exc_virtual": 800,
  "n_total": 1000,
  "D_in": 6
}