unit_key,npz_path,K,loss_mse,mse_neuron_mean,mse_neuron_median
20221004_104619.0,/home/jingyi.xu/ALM/results/stage1/kd95/psth_20221004_104619.0.npz,100,0.0021549409721046686,0.0021549412049353123,0.0013335221447050571
20221004_104619.41,/home/jingyi.xu/ALM/results/stage1/kd95/psth_20221004_104619.41.npz,100,0.0018746020505204797,0.0018746019341051579,0.001191385556012392
