unit_key,npz_path,K,loss_mse,mse_neuron_mean,mse_neuron_median
20221004_104619.0,/home/jingyi.xu/ALM/results/stage1/kd95/psth_20221004_104619.0.npz,100,0.0918322503566742,0.09183225780725479,0.06186540052294731
20221004_104619.41,/home/jingyi.xu/ALM/results/stage1/kd95/psth_20221004_104619.41.npz,100,0.08704527467489243,0.08704528212547302,0.0718662217259407
