{
  "animal": "kd95",
  "epoch": 100000,
  "elapsed_sec": 40498.37576889992,
  "train": {
    "total": 0.0018772241473197938,
    "psth": 0.001470198780298233,
    "type": 0.008140506148338318
  },
  "eval": {
    "psth": 0.0014700910449028015,
    "type": 0.008141459226608276,
    "total": 0.0018771640211343765
  },
  "best_eval_total": 0.0018771284818649293,
  "lambda_celltype": 0.05,
  "noise_std": 0.01,
  "noise_std_eval": 0.0,
  "n_obs": 200,
  "n_exc_virtual": 800,
  "n_total": 1000,
  "D_in": 6
}